{
  "version": 1,
  "author": "Arvind Patil",
  "editor": "wokwi",
  "parts": [
    { "type": "wokwi-ESP32-DEVKIT-V1", "id": "ESP", "top": -4.8, "left": -0.5, "attrs": {} },
    { "type": "chip-st7735tftchip", "id": "chip1", "top": -94.98, "left": 168, "attrs": {} }
  ],
  "connections": [
    [ "chip1:VCC", "nano:VIN", "red", [ "h-86.4", "v211.2", "h9.6" ] ],
    [ "chip1:GND", "nano:GND.1", "black", [ "h-76.8", "v182.4", "h172.8" ] ],
    [ "chip1:sck", "nano:13", "#8f4814", [ "h-67.2", "v163.2", "h19.2" ] ],
    [ "chip1:data", "nano:11", "magenta", [ "h-48", "v48", "h48" ] ],
    [ "chip1:reset", "nano:8", "yellow", [ "h30.61", "v48", "h-115.2" ] ],
    [ "chip1:cs", "nano:10", "blue", [ "h-28.8", "v9.6", "h0", "v9.6", "h19.2" ] ],
    [ "chip1:dc", "nano:9", "cyan", [ "v0", "h49.81", "v28.8", "h-134.4" ] ],
    [ "chip1:VCC", "ESP:3V3", "red", [ "h-105.6", "v240", "h-28.8" ] ],
    [ "chip1:GND", "ESP:GND.2", "black", [ "h-124.8", "v57.6", "h-134.4", "v163.2" ] ],
    [
      "chip1:dc",
      "ESP:D4",
      "purple",
      [ "v19.2", "h40.44", "v230.4", "h-374.4", "v-67.2", "h19.2" ]
    ],
    [ "chip1:reset", "ESP:D2", "yellow", [ "h21.24", "v278.4", "h-297.6", "v-96", "h-28.8" ] ],
    [ "chip1:cs", "ESP:D15", "blue", [ "h-96", "v134.4" ] ],
    [ "chip1:sck", "ESP:D18", "purple", [ "h-124.8", "v163.2" ] ],
    [ "chip1:data", "ESP:D19", "white", [ "h-153.6", "v163.2", "h9.6" ] ],
    [ "chip1:led", "chip1:M0SI", "green", [] ],
    [ "chip1:M0SI", "ESP:D23", "green", [ "h30.84", "v-48", "h-316.8", "v144" ] ],
    [ "chip1:TFT_CLK", "ESP:D18", "purple", [ "h-96", "v172.8" ] ],
    [ "chip1:TFT_MISO", "ESP:D19", "white", [ "h-115.2", "v115.2" ] ],
    [ "chip1:TFT_CS", "ESP:D15", "blue", [ "h-48", "v9.6" ] ],
    [ "chip1:TFT_MOSI", "ESP:D23", "orange", [ "h11.64", "v-48", "h-307.2", "v124.8" ] ],
    [ "chip1:TFT_RESET", "ESP:D2", "yellow", [ "h21.24", "v-57.6", "h-470.4", "v230.4" ] ],
    [
      "chip1:TFT_DC",
      "ESP:D4",
      "violet",
      [ "v9.6", "h40.44", "v-115.2", "h-441.6", "v268.8", "h86.4" ]
    ]
  ],
  "dependencies": {}
}