{
  "version": 1,
  "author": "Arvind Patil",
  "editor": "wokwi",
  "parts": [
    { "type": "wokwi-arduino-nano", "id": "nano", "top": -4.8, "left": -0.5, "attrs": {} },
    { "type": "chip-st7735tftchip", "id": "chip1", "top": -94.98, "left": 225.6, "attrs": {} }
  ],
  "connections": [
    [ "chip1:VCC", "nano:VIN", "red", [ "h-86.4", "v211.2", "h9.6" ] ],
    [ "chip1:GND", "nano:GND.1", "black", [ "h-76.8", "v182.4", "h172.8" ] ],
    [ "chip1:sck", "nano:13", "#8f4814", [ "h-67.2", "v163.2", "h19.2" ] ],
    [ "chip1:data", "nano:11", "magenta", [ "h-48", "v48", "h48" ] ],
    [ "chip1:reset", "nano:8", "yellow", [ "h30.61", "v48", "h-115.2" ] ],
    [ "chip1:cs", "nano:10", "blue", [ "h-28.8", "v9.6", "h0", "v9.6", "h19.2" ] ],
    [ "chip1:dc", "nano:9", "cyan", [ "v0", "h49.81", "v28.8", "h-134.4" ] ]
  ],
  "dependencies": {}
}