{
  "version": 1,
  "author": "Arvind Patil",
  "editor": "wokwi",
  "parts": [
    { "type": "board-esp32-devkit-c-v4", "id": "esp", "top": 67.2, "left": 168.04, "attrs": {} },
    { "type": "chip-nokia5110", "id": "chip1", "top": 68.22, "left": -24, "attrs": {} }
  ],
  "connections": [
    [ "esp:TX", "$serialMonitor:RX", "", [] ],
    [ "esp:RX", "$serialMonitor:TX", "", [] ],
    [ "chip1:CE", "esp:15", "violet", [ "v0" ] ],
    [ "chip1:BL", "esp:3V3", "yellow", [ "h-48", "v211.2", "h201.6", "v-201.6" ] ],
    [
      "chip1:GND",
      "esp:GND.1",
      "black",
      [ "h-67.2", "v230.4", "h259.2", "v-28.8", "h-19.2", "v-38.4" ]
    ],
    [ "chip1:VCC", "esp:5V", "red", [ "h-57.6", "v268.8", "h220.8" ] ],
    [ "chip1:SCK", "esp:18", "gold", [ "h222.61", "v28.8" ] ],
    [ "chip1:RESET", "esp:2", "green", [ "h-19.2", "v124.8" ] ],
    [ "chip1:DC", "esp:4", "violet", [ "h30.61", "v105.6" ] ]
  ],
  "dependencies": {}
}