{
  "version": 1,
  "author": "Arvind Patil",
  "editor": "wokwi",
  "parts": [
    { "type": "wokwi-arduino-nano", "id": "nano", "top": -14.4, "left": -0.5, "attrs": {} },
    { "type": "chip-ky-013", "id": "chip1", "top": -56.58, "left": 43.2, "attrs": {} },
    {
      "type": "wokwi-lcd2004",
      "id": "lcd1",
      "top": -281.6,
      "left": -90.4,
      "attrs": { "pins": "i2c" }
    }
  ],
  "connections": [
    [ "chip1:VCC", "nano:VIN", "red", [ "h-96", "v153.6", "h201.6" ] ],
    [ "chip1:GND", "nano:GND.2", "black", [ "h-67.2", "v48", "h134.4", "v-9.6" ] ],
    [ "chip1:DATA", "nano:A2", "green", [ "v19.2", "h88.21", "v153.6", "h-172.8" ] ],
    [ "lcd1:GND", "nano:GND.1", "black", [ "h-48", "v288", "h268.8", "v28.8" ] ],
    [ "lcd1:VCC", "nano:5V", "red", [ "h-38.4", "v307.3", "h249.6" ] ],
    [ "lcd1:SDA", "nano:A4", "green", [ "h-19.2", "v317", "h192" ] ],
    [ "lcd1:SCL", "nano:A5", "green", [ "h-86.4", "v345.9", "h268.8" ] ]
  ],
  "dependencies": {}
}